,PM2.5(微克每立方米),PM10(微克每立方米),SO2(微克每立方米),NO2(微克每立方米),CO(毫克每立方米),O3(微克每立方米),year,month,province,time,id
15,71.4519662533475,92.29462290383992,22.056105938708765,25.55619265336709,904.2641228098568,56.32772127865453,2013,1,安徽省,2013上半年,0
8,70.79349963892672,78.71049948250263,22.148461420899135,13.317214920563883,692.966252149636,60.626251789518996,2013,1,湖南省,2013上半年,0
17,58.75374149579128,74.5729268375251,20.7640579971776,13.492490092081127,688.2560226017825,62.65268029445275,2013,1,陕西省,2013上半年,0
22,66.59726342653373,92.39036639740293,40.189718962106596,21.29679951088963,944.3550033713785,57.051178479515706,2013,1,山西省,2013上半年,0
30,80.33039151661262,110.48461991345225,30.931079731325028,38.42118562965807,1285.3002521050232,57.08935408843944,2013,1,北京市,2013上半年,0
13,53.273096200018095,70.16986402150766,18.501241770247344,30.40998815594892,760.3521101592113,58.70560384900875,2013,1,浙江省,2013上半年,0
4,29.094494751664104,40.51401753712238,7.793467101894524,32.297220174091144,683.4000256016385,53.75122855862776,2013,1,香港,2013上半年,0
18,98.4939969286862,129.99018583964542,38.057783323975485,30.482029982520256,1417.5339214647668,50.464159498207884,2013,1,河南省,2013上半年,0
3,49.57459031032274,58.01394801286886,13.067328982985167,8.652007458739376,538.4867614675311,64.0791730045803,2013,1,广西壮族自治区,2013上半年,0
20,9.437965692546541,10.362666917567754,0.8463847746812628,0.6298467323487492,136.8903366015891,84.21093739036702,2013,1,青海省,2013上半年,0
25,80.96944323549522,129.3516565409887,44.15212857173518,31.854568405891744,1267.4166585415956,60.5369661213671,2013,1,河北省,2013上半年,0
29,48.8470455529123,67.59823467106843,23.99972110813546,16.968391995709055,684.3669278666908,59.68386586403353,2013,1,辽宁省,2013上半年,0
10,36.780785667726384,44.20807829014567,10.12214638200613,5.893035421105661,364.8387898097099,79.16614391741454,2013,1,四川省,2013上半年,0
11,5.5804570689179345,6.146531376189752,0.5207250639943636,0.48455412637400624,134.02059031968346,93.3755726079886,2013,1,西藏自治区,2013上半年,0
12,63.106182391406385,77.5528443733288,22.533558129942538,11.096787454841555,598.9043529897024,64.88163369246742,2013,1,重庆市,2013上半年,0
7,56.038916059245565,66.47764962147797,21.646031876840627,9.917930453989213,540.5201605489623,62.971805208928494,2013,1,贵州省,2013上半年,0
16,69.56463189644137,105.05837205115671,26.53154235703812,31.926112058662667,1045.8332751477913,63.272819628310764,2013,1,江苏省,2013上半年,0
1,39.38911131462794,48.607343108460206,11.164886360159961,16.720607015659127,590.3669772890779,58.088191663750024,2013,1,广东省,2013上半年,0
9,53.411174520099905,62.88257666802513,15.909738742593811,12.663537962701719,589.34735571648,61.8941419246859,2013,1,江西省,2013上半年,0
14,77.41221730626677,84.64913960482153,28.410825839894343,17.534504145859426,642.8371083941255,63.67696574875504,2013,1,湖北省,2013上半年,0
26,18.84121975292157,19.42938918073493,1.7747350149741,1.3145965602327394,168.30364863860993,71.13208228822248,2013,1,新疆维吾尔自治区,2013上半年,0
6,34.10073180150197,43.863361115665704,11.356880647702276,13.734723088794537,461.1957597645801,64.71539182540641,2013,1,福建省,2013上半年,0
31,35.96269954390284,46.26825637307377,11.44828917579772,12.905801635800671,464.2750640334894,63.43789261552922,2013,1,吉林省,2013上半年,0
19,59.18284546744325,72.39010705751834,19.89223389230244,40.94130328341014,868.565769542584,63.538840699138085,2013,1,上海市,2013上半年,0
2,30.385206277017872,35.8616502443546,7.904985494868961,4.718251740519172,369.3349344540731,79.39985552725348,2013,1,云南省,2013上半年,0
23,86.48387504362184,136.66061674709087,49.502874537684704,35.811656877087756,1200.033147264282,57.902251125976825,2013,1,山东省,2013上半年,0
24,37.05585491384492,59.49380158006633,25.67746132482914,13.894733913266101,511.7485863443087,63.159444403259194,2013,1,宁夏回族自治区,2013上半年,0
28,98.39666593061958,141.62133318809325,49.182429792429794,44.88351478248453,1923.7973088739216,50.52508765853323,2013,1,天津市,2013上半年,0
27,21.375983945067247,25.787620279108268,7.932482513417027,4.2356741452002735,286.3646379127747,62.74611678540055,2013,1,内蒙古自治区,2013上半年,0
32,21.574550323162715,25.45888855449068,6.286131770172424,7.31506871210772,324.7006262893617,59.016837244366236,2013,1,黑龙江省,2013上半年,0
5,20.084155124730533,24.5981116215132,5.827450061313478,15.6649148541685,218.34616350478277,62.18154039759181,2013,1,台湾省,2013上半年,0
21,25.76360871555865,31.91914407308333,5.346583987589796,3.308482379370133,240.22023514225796,70.3180734806856,2013,1,甘肃省,2013上半年,0
0,20.15190022463373,27.66908318054936,3.7647631608939105,5.325068499248467,294.9190236691276,58.29485329930793,2013,1,海南省,2013上半年,0
213,66.19529992796686,89.75922040396648,22.53482504661822,25.660892229135083,762.3682171218114,53.32119969734464,2013,7,安徽省,2013下半年,1
206,58.056281404084565,66.97539434556255,25.2247197912961,16.188126234111,587.2204415831812,61.73990052902766,2013,7,湖南省,2013下半年,1
215,50.11582522925618,67.14431477920988,22.828538421673112,16.45774999802195,766.3313750623087,59.89215687135543,2013,7,陕西省,2013下半年,1
220,49.33636083760522,73.72184901694173,32.94133194757023,22.43661385658915,1279.884135096274,54.667820280590995,2013,7,山西省,2013下半年,1
228,59.946430953803265,84.15369006371962,16.10397102747909,33.03848548884906,948.6235314615689,52.76286850358423,2013,7,北京市,2013下半年,1
211,49.6567093246093,68.86952172588263,18.23406360603947,30.063960244721887,722.9645265529657,55.310867307337645,2013,7,浙江省,2013下半年,1
202,33.69594444444445,48.43551702508961,9.684733870967742,29.399424731182794,686.6765232974913,59.231334229390676,2013,7,香港,2013下半年,1
216,84.16754836237794,111.33701351130885,37.92884069459893,32.182706903967365,1284.6698924731181,49.58415937708565,2013,7,河南省,2013下半年,1
201,49.02731402882923,59.78553994338201,16.434486078596304,10.997586374523257,553.8776125856787,66.91913430556822,2013,7,广西壮族自治区,2013下半年,1
218,8.629058524607673,9.23331900228578,0.9816773207386355,0.8248047915734805,133.62679989246413,79.10219700112822,2013,7,青海省,2013下半年,1
223,67.38778421222074,109.2849240379456,30.166863305646768,31.684287981027193,1089.3394694482006,55.97331030841542,2013,7,河北省,2013下半年,1
227,44.583007467606215,64.25611477012735,22.98955302665182,21.08594939422645,757.5168630514145,54.30289409073031,2013,7,辽宁省,2013下半年,1
208,32.67897006188199,40.175579731928465,10.518701351919717,7.437932056315464,373.1276188417531,72.86304125466461,2013,7,四川省,2013下半年,1
209,6.52141432962922,6.970922763330512,0.5676571662790891,0.5685425509741119,129.20700491384443,88.45666721499519,2013,7,西藏自治区,2013下半年,1
210,49.27417983373158,61.199275980684995,23.476758716646753,12.769108228793307,547.6909796893668,60.93065319593787,2013,7,重庆市,2013下半年,1
205,47.2316402923661,56.777104763749925,22.384177571580796,10.678008787589434,468.9025799993542,59.129192063030786,2013,7,贵州省,2013下半年,1
214,65.84589086836102,100.40328605816224,28.55982577386771,33.103307127728904,942.167277614858,56.67622606304986,2013,7,江苏省,2013下半年,1
199,43.71769900186016,56.631307406651246,15.4090605848192,19.611635887663894,704.8713375073726,62.3168888662039,2013,7,广东省,2013下半年,1
207,44.27373384780435,53.77513662741081,17.999001145978102,14.352185143734914,491.4239728866456,61.27846470631263,2013,7,江西省,2013下半年,1
212,61.17391690583573,74.7053825779118,28.73117559197097,19.822460249441207,651.7952051563526,62.75466448879544,2013,7,湖北省,2013下半年,1
224,22.32914496855022,23.0734547306279,1.8649069168408687,1.4582122048928,157.50531201554028,66.85264395770817,2013,7,新疆维吾尔自治区,2013下半年,1
204,27.329320818734647,36.05318543017464,11.318275730605562,13.147207277865036,383.76922663874467,63.690805844173276,2013,7,福建省,2013下半年,1
229,36.32127109901279,46.02299509277435,12.047977317712514,12.7304397162245,466.38605566048983,57.32047618400964,2013,7,吉林省,2013下半年,1
217,54.26119548984469,77.13148185483871,23.232614097968938,39.215243951612905,806.658303464755,58.95607616487456,2013,7,上海市,2013下半年,1
200,28.61728770041165,33.62812313316987,10.889045528372861,5.447193733195623,419.490605390495,63.0765552313486,2013,7,云南省,2013下半年,1
221,82.12690877282812,129.10014241978152,52.43970573583377,42.01146158420806,1212.107284199522,58.44660244388975,2013,7,山东省,2013下半年,1
222,34.00486089294063,47.532125899953236,24.335280263362943,14.473801285647498,479.7631291880941,58.2673896680692,2013,7,宁夏回族自治区,2013下半年,1
226,82.37536545354287,127.40643731044942,37.62442848773091,46.950507892197415,1617.1296526054587,46.805635993934395,2013,7,天津市,2013下半年,1
225,18.338104715892687,22.845018994179554,7.804374081667876,4.986365497057634,272.4006737289126,58.67409674798794,2013,7,内蒙古自治区,2013下半年,1
230,24.88168873532545,29.11855187068204,7.454184027777779,7.445097390232974,336.4809393018577,55.2592613102891,2013,7,黑龙江省,2013下半年,1
203,14.658037805629753,18.65366928064288,6.007957343104354,14.93151850329886,186.9893158002877,56.24683398397371,2013,7,台湾省,2013下半年,1
219,23.390220884866253,30.054921382504958,6.76857292003169,4.119406483147967,307.3081398926278,67.53086209273616,2013,7,甘肃省,2013下半年,1
198,26.16369204532316,34.76014261764366,6.720904012024512,6.545164123020004,358.09767603191125,59.74317386981153,2013,7,海南省,2013下半年,1
411,70.65949301058671,93.7187184440096,19.54926478173047,22.17394485046071,863.8319520066788,56.0520778061595,2014,1,安徽省,2014上半年,0
404,68.92570540902238,86.92463974696729,21.452147335516987,15.574592011387134,1004.215440930162,57.45035056771701,2014,1,湖南省,2014上半年,0
413,58.896832468077065,85.32177990121609,23.500026652831608,17.360026434539492,1137.8246218530614,57.65309904542058,2014,1,陕西省,2014上半年,0
418,54.76801516190059,87.49749366768776,32.13571469020529,22.127205818753797,1382.4598742691624,56.051473287220624,2014,1,山西省,2014上半年,0
426,75.6166059285572,106.28701016598393,27.501920062439552,39.1060487177846,1092.3918579677988,62.752661750796506,2014,1,北京市,2014上半年,0
409,51.416603782284135,68.28905693243114,15.345961868736332,29.147533678182246,783.3744984198005,62.78602660909448,2014,1,浙江省,2014上半年,0
400,26.075831797235022,37.24280574756784,6.971836533538148,27.304581221198152,585.321044546851,57.15258115719406,2014,1,香港,2014上半年,0
414,87.38514836696858,126.7195104221622,33.9475419515511,31.113076924272118,1361.5582748026907,60.54249325776436,2014,1,河南省,2014上半年,0
399,50.80638144607513,62.90554479707625,12.998318429729174,11.461962526416016,771.0818363251778,63.25993186561868,2014,1,广西壮族自治区,2014上半年,0
416,11.035964309739407,11.806562883301304,0.9308791772892921,0.6885270882610005,133.62967359881702,82.97595954978853,2014,1,青海省,2014上半年,0
421,73.9210752450552,120.1139140729294,35.06551450509121,31.652797238549024,1137.9425424113372,60.4950366693648,2014,1,河北省,2014上半年,0
425,47.11755057906395,73.57605970701754,26.754339076884847,22.79435681185605,1061.785173762713,60.047523866504264,2014,1,辽宁省,2014上半年,0
406,37.05371552629859,48.11760055842452,9.639110958925588,8.157284280043386,494.23783670822235,73.44096898120321,2014,1,四川省,2014上半年,0
407,5.71889166731376,6.274217441352202,0.49399285844677615,0.46099058054804837,133.13805931698457,91.43745834620226,2014,1,西藏自治区,2014上半年,0
408,62.803197438058255,78.23861562091083,22.60062846368834,12.135998070987654,714.9954706434543,60.20696954471754,2014,1,重庆市,2014上半年,0
403,55.26399019888882,68.18245679797639,20.01631607380916,10.78223321296939,615.9494687248144,63.03623091557654,2014,1,贵州省,2014上半年,0
412,71.41958862385376,107.8902956997975,24.446933356898473,30.420314818402925,1025.7373740283012,67.82916121264489,2014,1,江苏省,2014上半年,0
397,40.86611117705963,53.97871976008997,12.134778441637982,20.6195024328038,1121.81510901761,54.479789099697314,2014,1,广东省,2014上半年,0
405,46.56250598642939,58.94315733129915,14.528766599092272,12.618862255173447,616.1724813735017,60.93053307992937,2014,1,江西省,2014上半年,0
410,75.80857704865068,101.70529616923282,24.090147011662136,19.68505186252707,902.2924643954578,59.48549043748886,2014,1,湖北省,2014上半年,0
422,27.00420380042452,29.244867975324638,1.7716162825789536,1.4749667901080237,200.04639107041316,71.89619414035704,2014,1,新疆维吾尔自治区,2014上半年,0
402,33.751526627382056,44.26267862128944,11.148851102979954,13.803585342390754,598.1524009446717,65.54452460609913,2014,1,福建省,2014上半年,0
427,35.65720784841596,47.35138811099296,11.937860855094728,12.90643415661266,538.5758228825151,62.96215324167889,2014,1,吉林省,2014上半年,0
415,53.6056564206776,71.37007914106503,18.07295179958184,38.48669320169825,757.1025772316094,67.83825078405017,2014,1,上海市,2014上半年,0
398,30.102525529148306,37.75349512988041,7.784552316503235,4.985824396596386,568.6953552864757,77.80986848768693,2014,1,云南省,2014上半年,0
419,81.38679694128994,135.66934068180362,47.76744440139408,38.92125788279021,1312.9901290825471,65.12498956180814,2014,1,山东省,2014上半年,0
420,42.237813979051175,61.94550446303345,24.96586073654801,13.61216525245442,592.5391181905206,64.84513343351365,2014,1,宁夏回族自治区,2014上半年,0
424,87.34311436547326,131.85294582053254,46.17394986263736,50.03950830576235,1582.7318277600536,54.79803975885226,2014,1,天津市,2014上半年,0
423,22.16358838078446,28.716698357891236,8.646608060727543,5.105681284358681,318.9707764209833,62.07098305667193,2014,1,内蒙古自治区,2014上半年,0
428,22.75304082464176,28.41044234384624,6.829107358697045,7.361546630636535,380.95198307184677,58.749344852273445,2014,1,黑龙江省,2014上半年,0
401,20.09311453798011,24.309476482367483,6.07739481477133,15.719740647248557,213.32004168011974,63.36928907022025,2014,1,台湾省,2014上半年,0
417,30.34796970600968,41.44212837690283,7.34014662239671,4.873372254759926,405.65710457829846,71.42906891805885,2014,1,甘肃省,2014上半年,0
396,20.55493604875873,28.56769076854467,3.6304299175792405,5.982225937763243,376.9998290471235,55.2021115133046,2014,1,海南省,2014上半年,0
609,47.50837614948037,68.04833891009218,18.35757030492091,23.290716198160826,869.2879989311213,53.26859395386395,2014,7,安徽省,2014下半年,1
602,52.789856716891784,72.14775938230376,21.832588140676222,16.514164469078853,885.6679289886506,56.0328812135887,2014,7,湖南省,2014下半年,1
611,41.274789592679625,64.35399533971058,17.98825811396742,17.735283848417954,938.3503742473513,55.67385522245167,2014,7,陕西省,2014下半年,1
616,47.68631550075019,73.23174922636909,34.1843920667667,22.691329439130612,1263.6624208135365,52.066373991935485,2014,7,山西省,2014下半年,1
624,64.4707740442055,90.37047463659896,14.232113425925926,34.460283303464756,959.411389884508,60.77875547590602,2014,7,北京市,2014下半年,1
607,41.48837026212183,60.72846169204494,15.355093671068774,27.823199746618233,724.3530826778283,58.46256336548715,2014,7,浙江省,2014下半年,1
598,27.34484139784946,40.75442741935484,8.050275089605735,26.20069623655914,694.3297491039426,59.1994023297491,2014,7,香港,2014下半年,1
612,61.671900180447416,96.65679303917933,29.076759918427886,29.084446797676424,1158.9477963168952,54.87525290816958,2014,7,河南省,2014下半年,1
597,43.03303745536604,57.62372183880089,14.797371474466168,10.845516644201892,642.0574067880779,64.80885819660222,2014,7,广西壮族自治区,2014下半年,1
614,8.31891761907613,8.820645132527265,0.9791323934269945,0.8226427481283473,147.91380063325983,79.85474230588163,2014,7,青海省,2014下半年,1
619,61.28743643895006,95.67120587641921,24.170400646019786,29.280187869422438,1028.1636232910525,57.30157948833516,2014,7,河北省,2014下半年,1
623,44.80760076005606,68.8932125941068,22.568965249040232,23.18105790718674,1062.5955720640618,58.549728299346874,2014,7,辽宁省,2014下半年,1
604,28.745657423745058,38.24880563305466,8.856709179749359,8.193914977185935,452.85038732801485,67.4069249506938,2014,7,四川省,2014下半年,1
605,6.112353166137409,6.579394838083015,0.5203389508057333,0.7269243245341869,129.02866429898037,89.0192031873894,2014,7,西藏自治区,2014下半年,1
606,51.05938592194345,66.0915029022302,19.382897043010754,14.571545708880926,643.3921196734369,56.83600822381522,2014,7,重庆市,2014下半年,1
601,43.133710385500706,57.719887830226526,16.605595069724103,11.021917943288912,553.2124959060444,58.23853939423295,2014,7,贵州省,2014下半年,1
610,50.41118787878788,79.74936027207559,21.32161242668622,28.451319538123176,845.0957233626588,60.01511451205604,2014,7,江苏省,2014下半年,1
595,36.166367540039026,51.02859389773604,13.573538836713396,17.492304625470716,845.4034208974184,60.20991449344404,2014,7,广东省,2014下半年,1
603,39.217229276083195,54.39222109087362,19.056860707580523,15.695203659815183,632.3080657352547,62.639181420525205,2014,7,江西省,2014下半年,1
608,55.09146470658254,80.43019655949247,21.142426695234693,18.547393996305555,864.0658629704576,57.26646072337067,2014,7,湖北省,2014下半年,1
620,22.10341322693097,24.451441805009868,1.9211299178804386,2.0021992142096354,251.22848296104078,67.96907093646156,2014,7,新疆维吾尔自治区,2014下半年,1
600,30.386792342904698,41.30268166136417,11.780279640368894,12.082803075456757,547.5080041077686,65.69645611332608,2014,7,福建省,2014下半年,1
625,38.1807061117078,51.15707466390134,12.596668763296833,13.703541942891002,528.4864243711138,61.304516192815896,2014,7,吉林省,2014下半年,1
613,44.41071886200717,63.20695564516129,17.662781810035842,38.24637709080048,762.2030316606929,60.35850350955794,2014,7,上海市,2014下半年,1
596,26.499733650781582,32.88947336961917,9.38858724757795,5.6602028975865055,453.57075209678425,59.32381324411835,2014,7,云南省,2014下半年,1
617,67.75622537442395,112.38150596038145,38.470955991850154,37.632894035884966,1320.0070537847755,60.66651527031064,2014,7,山东省,2014下半年,1
618,36.810901379149136,55.55875123110488,21.566627154433537,14.97986455508805,585.6498987065606,60.961468676951846,2014,7,宁夏回族自治区,2014下半年,1
622,78.85883819272125,115.0922094017094,27.119585090984287,45.37500303280948,1341.6157637165702,51.16729194237663,2014,7,天津市,2014下半年,1
621,17.819681567179664,23.88363063883701,8.158971360057473,5.477191902325035,301.00489031727824,60.6254776361277,2014,7,内蒙古自治区,2014下半年,1
626,24.487427960722815,29.871710764213546,6.835923612734404,7.575117484156671,383.45944366526686,58.0038949656836,2014,7,黑龙江省,2014下半年,1
599,16.263534792137524,20.173699666689494,6.529987455197133,16.125135778371344,193.6378558546218,58.46954430061867,2014,7,台湾省,2014下半年,1
615,25.09687144942083,33.33374007606873,7.707580853792668,5.67593836913717,419.2409269386412,68.59096680838219,2014,7,甘肃省,2014下半年,1
594,20.31825765984507,29.23649855474621,5.667694982078853,6.823389663544918,359.37637877211245,55.42730581570123,2014,7,海南省,2014下半年,1
807,52.294131650098215,75.4017617331853,17.351761994388387,23.233567918823308,932.546193945067,51.63576386285157,2015,1,安徽省,2015上半年,0
800,52.43648202707599,75.86051176268238,18.41015624759216,18.048899125036,1032.0308457393355,51.50257419270137,2015,1,湖南省,2015上半年,0
809,42.449574252946455,69.42870177072348,17.460468306810487,18.257634053824475,1201.1323713503534,59.84019763532415,2015,1,陕西省,2015上半年,0
814,44.91884346533062,75.14524062637683,36.27100805874832,22.335035736612724,1415.3139657682277,61.43337196241024,2015,1,山西省,2015上半年,0
822,60.040426519741715,85.43638987739659,17.109666024847815,30.934154946805478,933.8742550634355,66.54301781625135,2015,1,北京市,2015上半年,0
805,43.80463105977037,61.46137033342842,13.422406527100511,27.78074319952897,714.7969077000795,59.90236213546302,2015,1,浙江省,2015上半年,0
796,23.993293266769072,35.98955293138761,6.626935291858679,25.988766257040453,587.9206349206348,53.38161725550435,2015,1,香港,2015上半年,0
810,72.0836585779614,117.05597210763283,28.311340537810977,30.180068654060065,1182.7348376502994,61.241802151420444,2015,1,河南省,2015上半年,0
795,43.7227883328435,59.02475840667563,12.015541559108419,11.970080737336843,871.4286525044486,57.54901211082977,2015,1,广西壮族自治区,2015上半年,0
812,7.245428632015483,8.23932099519682,0.7228360903941611,0.7462555391111367,140.7760513233612,82.22604903024047,2015,1,青海省,2015上半年,0
817,57.284193332076256,95.22927007628368,25.445648156835333,27.209613842054754,1005.5101184727322,64.59947526667098,2015,1,河北省,2015上半年,0
821,44.69438578107948,73.83540140638861,25.327179792353693,22.74341281356072,1029.2847774715076,61.873745588960354,2015,1,辽宁省,2015上半年,0
802,27.849222208218524,40.25023428533367,7.717891078253877,8.671287628364269,499.6248687901081,70.50205549696743,2015,1,四川省,2015上半年,0
803,5.434613985578616,6.140691499696497,0.5093430037903226,0.5692606054373909,153.67409391510083,89.52994837088046,2015,1,西藏自治区,2015上半年,0
804,56.20847717471696,76.46576493535586,17.808177540251467,16.163474604596917,726.7612949450987,53.66104729724924,2015,1,重庆市,2015上半年,0
799,37.327037660932824,55.324210529489335,15.675226488997227,11.345932915799274,645.7114805720796,57.92889614795836,2015,1,贵州省,2015上半年,0
808,57.77774011980404,94.02806234231718,20.50329361413676,28.304636704312713,935.2269669622492,66.73399465740351,2015,1,江苏省,2015上半年,0
793,32.40233233098057,45.50158251116426,9.595600026897925,18.313214815570984,820.9640603226453,51.6688104785238,2015,1,广东省,2015上半年,0
801,38.98926820189418,54.35607431998914,16.59720033107969,15.752230544670503,848.098875095353,51.35357261617397,2015,1,江西省,2015上半年,0
806,62.94792319036092,91.1231979584504,16.679829218176973,19.654295030699927,950.5699763948487,59.04990121751063,2015,1,湖北省,2015上半年,0
818,20.168086004932178,27.76580423689053,2.4243006044322724,2.1889334344771685,252.5050072090796,69.78588723307774,2015,1,新疆维吾尔自治区,2015上半年,0
798,30.37679018833985,42.488186090351725,11.168514472596657,14.956789936878055,773.589306809269,53.78994654123781,2015,1,福建省,2015上半年,0
823,37.33730316543243,54.848467389655774,13.642937636642499,15.312527008552886,619.6306186190635,67.65276646999553,2015,1,吉林省,2015上半年,0
811,51.97509319529782,69.47157709826762,16.3062341536525,39.903084714755074,777.5397838795016,67.21555296338967,2015,1,上海市,2015上半年,0
794,28.680304748658894,39.87259246046079,7.976341558595164,7.339502384105441,562.0926534914029,66.7540457259294,2015,1,云南省,2015上半年,0
815,68.94006677189245,120.95474214902136,37.018830940227794,34.722474496463,1210.5566891519154,65.87717506377551,2015,1,山东省,2015上半年,0
816,39.05831997206082,77.82824793906809,19.403577491150738,14.900917822636302,723.3092872726464,55.0983347720341,2015,1,宁夏回族自治区,2015上半年,0
820,69.54618568326835,115.43631365945883,28.960815301410054,41.20745269851117,1292.2616462838237,56.47916920221356,2015,1,天津市,2015上半年,0
819,20.059075661751695,28.43874874342825,7.447414399281937,5.02048764734669,309.66148696453325,63.6342851452994,2015,1,内蒙古自治区,2015上半年,0
824,22.465600409150824,32.26476693169233,7.463268988925435,8.51547497805077,422.0565675043802,60.88740119941588,2015,1,黑龙江省,2015上半年,0
797,19.152901900065554,23.42641859738896,5.914042673202421,15.501582966430869,217.53829809439011,60.49039706347574,2015,1,台湾省,2015上半年,0
813,24.324238291233467,40.940312182314436,7.554595029669881,6.913165556415351,456.2042425650903,70.15939219897199,2015,1,甘肃省,2015上半年,0
792,19.001928730819415,26.639276785094893,3.459946037527047,5.23420761277109,353.960550352642,56.74821355152536,2015,1,海南省,2015上半年,0
1005,48.98449483859351,69.81437268433801,15.941440064365096,26.349920600895768,806.9853116304467,48.360299410954845,2015,7,安徽省,2015下半年,1
998,41.146905532412994,60.98202698882653,15.215220785852813,15.34297213711112,841.7587205410388,55.93891040000307,2015,7,湖南省,2015下半年,1
1007,39.320754092588636,61.81746713467367,15.083794705942859,18.921421609817465,913.068786742307,56.95541303496403,2015,7,陕西省,2015下半年,1
1012,46.72002369602817,69.65925586604986,30.513371470471785,23.92334214543219,1291.8623379803282,54.86033138753439,2015,7,山西省,2015下半年,1
1020,61.96621960872162,84.18097642871366,10.546089879530069,33.487530814416566,1034.7373307447233,59.16999773496615,2015,7,北京市,2015下半年,1
1003,37.213251341079115,53.19523189242501,12.247265541683708,26.52245184142792,680.6484769029693,56.78018854489909,2015,7,浙江省,2015下半年,1
994,23.692544802867378,36.44809856630824,7.454602150537635,25.23548387096774,565.3342293906809,62.33147222222221,2015,7,香港,2015下半年,1
1008,62.80576031640093,99.35779355580274,23.12861891731554,31.38898318625634,1191.8492769744162,55.79085728834507,2015,7,河南省,2015下半年,1
993,33.636422427276635,47.677930350754515,13.60377334394076,10.394327796526573,722.9785824558559,54.776290706001966,2015,7,广西壮族自治区,2015下半年,1
1010,8.959397936338545,9.6897801175646,0.9213559058778781,0.9710595565558052,143.21118542546623,79.01182250785702,2015,7,青海省,2015下半年,1
1015,56.165004541454714,85.46798765265169,19.593556135041748,29.784170950571973,1031.0509067885735,57.416444090314,2015,7,河北省,2015下半年,1
1019,45.18575011495017,64.35743690482127,19.70098848836372,22.163927237927467,958.3428922016695,56.68144807853175,2015,7,辽宁省,2015下半年,1
1000,24.469976097596938,34.69177977599822,7.545093457231379,9.04536859585007,464.06517801337594,64.20923216975741,2015,7,四川省,2015下半年,1
1001,6.757159248565149,7.411607726119101,0.5602596246980763,0.7206416639079892,141.52979058618925,86.59681583416095,2015,7,西藏自治区,2015下半年,1
1002,42.49916340601354,58.81922728992433,17.565391980286737,15.326917283950621,632.2438620071686,53.27924256272402,2015,7,重庆市,2015下半年,1
997,31.618051343970702,48.346801963253576,14.190462033462033,10.778880435735275,554.0056461991945,54.01588161202677,2015,7,贵州省,2015下半年,1
1006,50.73765066797002,78.7283244908765,18.289677260508313,27.811775733137832,829.8276800260672,65.96325857363962,2015,7,江苏省,2015下半年,1
991,30.498302107436142,43.23707111292591,10.930467381244044,16.28006592486729,761.9152148269135,55.9074029581235,2015,7,广东省,2015下半年,1
999,36.072373196303616,50.396804130397676,15.101468726989005,13.92776708848414,768.3885889839808,51.46394098944237,2015,7,江西省,2015下半年,1
1004,48.23252980685721,69.14056363880843,13.337848371225647,16.72565546429658,819.4009509449933,60.78709949212396,2015,7,湖北省,2015下半年,1
1016,26.261748254413018,31.024545228123255,1.887302931957586,2.3854677733631697,243.82335062347488,67.289141436864,2015,7,新疆维吾尔自治区,2015下半年,1
996,23.982394701515577,35.045476813257615,9.85837377001866,13.118604439343292,623.814368464151,49.81162484394506,2015,7,福建省,2015下半年,1
1021,38.9605648926583,51.306469540222785,12.010544358439398,15.102899814410167,592.7349583760273,57.798691992889154,2015,7,吉林省,2015下半年,1
1009,46.53585595878136,61.46103390083632,14.851333930704902,37.530597371565115,771.2060185185186,66.85664516129033,2015,7,上海市,2015下半年,1
992,22.688875711512832,31.60185386292065,8.711493151523984,6.126524640785024,466.28244234501943,53.227054216485776,2015,7,云南省,2015下半年,1
1013,69.71426164607868,111.36760409732888,29.263591456519887,35.43634511808755,1218.2854742703532,59.938284210189465,2015,7,山东省,2015下半年,1
1014,33.56882752064828,57.27809569892474,19.275023468910707,16.606650015583607,660.12621162537,61.879561337073405,2015,7,宁夏回族自治区,2015下半年,1
1018,69.16572873586988,102.49318689688447,19.303651674937964,40.24516035980149,1310.2950441135924,47.96970068238213,2015,7,天津市,2015下半年,1
1017,20.479404398070983,27.359582113723988,8.058897553513614,6.162719461547977,330.4119774338273,59.42398218157907,2015,7,内蒙古自治区,2015下半年,1
1022,24.701292202353127,32.09654383619683,6.631836845326217,8.532957831736013,441.57606747701743,54.407149552295984,2015,7,黑龙江省,2015下半年,1
995,18.170756808894367,22.625415234116385,6.28937724585074,15.524456418510148,204.05750747665684,59.54682936100267,2015,7,台湾省,2015下半年,1
1011,19.95461402618179,29.279837532881086,6.6191097602950455,7.062857525920285,407.03920443183233,68.19075503984186,2015,7,甘肃省,2015下半年,1
990,19.145805734767023,27.927736836628508,5.411606937218175,6.023854434038616,372.5500867152271,62.75874631749334,2015,7,海南省,2015下半年,1
1203,52.5749165042616,78.03257587496923,16.626692484816655,27.090583713480388,862.516438518337,59.564417100498055,2016,1,安徽省,2016上半年,0
1196,44.14786668923546,66.64167927293683,14.780330372020929,15.240980256070658,871.141336797662,55.618513862920274,2016,1,湖南省,2016上半年,0
1205,39.550433523417276,67.37323976556134,15.76105628395598,18.508030075864415,916.1392400271416,64.46560813482563,2016,1,陕西省,2016上半年,0
1210,43.03851577558542,74.83985149053069,33.37399706239419,22.11983366755841,1298.8644599188588,64.26679751017137,2016,1,山西省,2016上半年,0
1218,47.17541435271014,70.87961340103544,12.989978789017975,28.76906071560994,759.5945546491988,70.80528428706793,2016,1,北京市,2016上半年,0
1201,39.89272953680962,59.43382569496806,11.253141070380352,26.229464748579986,678.9271501159765,61.56315773554011,2016,1,浙江省,2016上半年,0
1192,20.852206927450254,31.865297583735014,6.530159868990235,26.915123223334575,528.1105858361142,55.65772123346929,2016,1,香港,2016上半年,0
1206,64.89064720809414,113.79193822143804,27.227180069553654,31.61015550296413,1235.9735661164598,68.65489795336667,2016,1,河南省,2016上半年,0
1191,35.399507367886805,50.09610357419975,11.500353729041857,11.173473144023491,734.6376695181845,54.54129187472938,2016,1,广西壮族自治区,2016上半年,0
1208,7.511226089608852,8.334515051379002,0.6614822153814321,0.7195946162151673,142.39937995669473,83.1426147099548,2016,1,青海省,2016上半年,0
1213,46.64226201923184,79.16902804602141,20.778388305258222,27.803165308685553,906.2627608705466,68.69914415322117,2016,1,河北省,2016上半年,0
1217,37.231321338400114,62.63326017803285,20.58782586467648,19.90409646253389,927.7837252909667,70.00847106006502,2016,1,辽宁省,2016上半年,0
1198,26.56262598224532,38.58618474789662,6.849633428603071,9.125287608479264,485.68804105289377,71.13747235033772,2016,1,四川省,2016上半年,0
1199,5.93135292462154,6.687749121605669,0.5212104054549369,0.5832099613311509,142.00650232595197,91.49120197699149,2016,1,西藏自治区,2016上半年,0
1200,48.3318959177893,65.2597574036309,15.708102426907809,16.102663288084155,622.7319370631291,56.14778394169104,2016,1,重庆市,2016上半年,0
1195,34.09793049763572,51.77424443027167,13.091058511156952,11.064189450057084,599.8695767116235,59.5039525756489,2016,1,贵州省,2016上半年,0
1204,56.69262458511702,93.66912939025967,19.50439485848474,30.085583774199165,962.5654176638465,68.92668686531611,2016,1,江苏省,2016上半年,0
1189,28.59536987017924,41.080480783305084,8.87527032489608,17.496403718618435,761.5556827479822,50.34116388892799,2016,1,广东省,2016上半年,0
1197,38.0866321506133,55.800332575793874,14.674105948744595,14.966250680818613,813.7517014369708,57.51305355291047,2016,1,江西省,2016上半年,0
1202,51.23479237374132,78.50670752311157,13.61855599718029,17.913443363489993,845.1330540835999,64.10374155383192,2016,1,湖北省,2016上半年,0
1214,24.239183220641547,30.78777270934374,1.9403667126770703,2.2775250619795124,252.66236703409552,70.6961891555975,2016,1,新疆维吾尔自治区,2016上半年,0
1194,27.351871188660628,39.87283299865713,9.675455282421817,14.10384202669818,703.9423587358591,53.30324648914016,2016,1,福建省,2016上半年,0
1219,30.141101485385605,44.47579835130273,11.9477653215909,12.798922935094927,562.9277163141822,69.02922359211614,2016,1,吉林省,2016上半年,0
1207,49.36622017776954,70.14300139558357,14.908937417603923,38.19841294081902,723.9735199604498,70.8050207921353,2016,1,上海市,2016上半年,0
1190,27.634887268764476,39.957256544242945,7.337599723482743,6.901919738512137,593.5073551973295,66.24204233961551,2016,1,云南省,2016上半年,0
1211,66.05270971806563,119.74132725956525,31.49498444553325,33.782747631572555,1142.1897962389132,69.28186179437323,2016,1,山东省,2016上半年,0
1212,34.28332832535346,69.15832951884273,22.02754954028362,15.602785199067133,541.1589017319296,63.79644113480894,2016,1,宁夏回族自治区,2016上半年,0
1216,56.76250498298205,97.02351759433559,21.28849859887054,41.40582900159722,1139.4111263226946,61.223772446593074,2016,1,天津市,2016上半年,0
1215,17.447277250508744,24.27161265459173,5.696397997045165,4.296621652889259,287.5103763634913,64.96623915885733,2016,1,内蒙古自治区,2016上半年,0
1220,19.014680522641907,27.112199842367122,6.381672739683027,7.393278443271645,426.61482442023,60.106080434749025,2016,1,黑龙江省,2016上半年,0
1193,18.71077080494408,22.918200803046872,5.845060509160529,15.580488323504847,218.2181105529695,58.36414601149189,2016,1,台湾省,2016上半年,0
1209,19.96226195444867,34.136714049494934,6.16807285969336,6.409312714598907,371.905127988869,71.11271033563759,2016,1,甘肃省,2016上半年,0
1188,17.252374922354985,25.990664942329392,4.2876416257011964,6.367103191519053,380.8692677247919,58.45743367740341,2016,1,海南省,2016上半年,0
1401,43.16615575422759,65.46719635709847,14.49789983908727,28.734772848736224,770.4815356999703,59.52013926793421,2016,7,安徽省,2016下半年,1
1394,41.756348649506734,63.39602013977346,14.43727351457217,15.362420242289323,883.0724477188314,56.48498510651319,2016,7,湖南省,2016下半年,1
1403,40.85485207932778,64.96997956474955,16.90894536028231,20.79973849763029,860.2527514696925,56.368843638981865,2016,7,陕西省,2016下半年,1
1408,51.85871202436025,81.9793375114612,40.23203889774529,27.574936877448526,1184.6264691172794,55.117719153746776,2016,7,山西省,2016下半年,1
1416,59.68875079649541,80.64500288729589,9.762473292512944,35.843853096375945,1002.8281561131024,54.529932123655904,2016,7,北京市,2016下半年,1
1399,30.659874744413173,46.23539091754668,10.153179632436075,23.449255843416484,615.254444203892,55.886285026420666,2016,7,浙江省,2016下半年,1
1390,23.344729390681007,35.99773297491039,7.4411532258064526,26.52821057347671,556.3987455197133,61.6194829749104,2016,7,香港,2016下半年,1
1404,58.41405248794956,92.78739403287604,18.934252816709925,30.903307934742305,1127.3061994809048,60.55525047830923,2016,7,河南省,2016下半年,1
1389,34.95539987635929,49.46980943959679,12.33856872700739,10.841853828639378,631.2845476134978,57.92792933730605,2016,7,广西壮族自治区,2016下半年,1
1406,8.298695396266908,9.159265785930048,0.9978883817198431,0.9701376916999198,145.84089038691877,80.30413329858287,2016,7,青海省,2016下半年,1
1411,56.83309125405103,87.43591482196895,17.735530302835187,32.163647704590815,1021.7286695426352,57.73931765715881,2016,7,河北省,2016下半年,1
1415,39.19381309656368,58.04491812224051,17.950614177372263,21.48756765440716,891.0467750245135,56.3438078697933,2016,7,辽宁省,2016下半年,1
1396,26.542367259513963,37.800936479210954,8.081012274184332,9.543037782704207,466.6102364183855,65.1119098865413,2016,7,四川省,2016下半年,1
1397,7.12286739338927,7.991397379125911,0.5949608690972922,0.8111742516507682,132.1113185223354,86.9919745677741,2016,7,西藏自治区,2016下半年,1
1398,43.92315246415771,60.336287500000005,16.422601363998407,16.519468175029868,623.4758910792513,52.00914005376344,2016,7,重庆市,2016下半年,1
1393,32.68732272595176,50.516509334219016,13.427067320776997,11.527461516816357,566.9665541117153,55.71632688448816,2016,7,贵州省,2016下半年,1
1402,40.20978097100033,64.60144003747148,14.026337157869008,26.43295200798306,722.8903266536331,64.73972499185403,2016,7,江苏省,2016下半年,1
1387,30.871642758949232,45.17015855678054,10.309997105394492,17.819018476929358,730.4173971235426,57.22125403112381,2016,7,广东省,2016下半年,1
1395,37.59957234535391,54.57729108331504,14.523556209006903,15.074269680345258,789.1804549776901,55.31116819301196,2016,7,江西省,2016下半年,1
1400,44.57837865421666,64.95456813342328,12.33458055478404,18.521261057986923,798.553088917986,59.396226240703264,2016,7,湖北省,2016下半年,1
1412,16.176764298983365,21.349617794159467,1.9870393879752768,2.534283108699037,251.6862841720886,67.36875635882758,2016,7,新疆维吾尔自治区,2016下半年,1
1392,23.422072896111047,35.73973709274697,9.116211227900608,12.901526176956226,584.5923140429301,52.43555975393661,2016,7,福建省,2016下半年,1
1417,31.61370036500706,42.233330983626125,11.237084035982209,14.240004086268408,639.3602294565222,56.75485019896382,2016,7,吉林省,2016下半年,1
1405,33.645791293309436,50.84117002688172,12.278937201314216,33.87716039426524,676.4303315412186,61.508738351254486,2016,7,上海市,2016下半年,1
1388,23.3229417388476,33.6629997138108,9.320080936630742,6.611122995883522,518.5164648557544,52.2472916046238,2016,7,云南省,2016下半年,1
1409,57.22051200076805,95.11078427686039,21.725421850998462,33.47785864428658,1055.5209613415257,60.61363397390766,2016,7,山东省,2016下半年,1
1410,35.194423165030386,61.28910043634096,18.788208181393173,17.254981681471094,684.1149680536078,63.27688013090229,2016,7,宁夏回族自治区,2016下半年,1
1414,70.36968055555558,100.63892755720981,18.10719554728426,48.56101009787704,1478.8446374414114,48.41070664460988,2016,7,天津市,2016下半年,1
1413,17.258715533500908,23.614275166300843,7.425073592706035,6.128976809427873,327.4567956751725,60.16935085895019,2016,7,内蒙古自治区,2016下半年,1
1418,20.20246503671887,26.992391459372243,6.1869744079853,8.498076404310167,428.67044082126023,52.02300311266297,2016,7,黑龙江省,2016下半年,1
1391,15.441940723238133,19.42084454261124,6.053061833664361,15.474454603565968,187.62630413442002,56.35514545807365,2016,7,台湾省,2016下半年,1
1407,21.786421384427825,34.12030038688142,6.4596838859661245,7.534064149822324,398.11299744643134,68.63405501907486,2016,7,甘肃省,2016下半年,1
1386,18.551610879870505,27.64465749797664,6.028231599028789,6.00515886229622,345.6698462249972,58.44730708752457,2016,7,海南省,2016下半年,1
1599,56.59371805500577,87.14749910352771,14.037322268612227,28.70762595860916,796.4569699527223,75.74579436593827,2017,1,安徽省,2017上半年,0
1592,44.04526135516003,67.08418296441836,12.539430774890826,15.196448251082948,888.9593707188295,59.78565332293967,2017,1,湖南省,2017上半年,0
1601,43.24856523119467,69.93528733360345,16.55137022837453,22.302406996679135,864.9146983640948,66.29296235570114,2017,1,陕西省,2017上半年,0
1606,53.68089058629985,87.59351274537384,39.18665334488384,27.488248481949356,1120.075830899689,72.95105589399583,2017,1,山西省,2017上半年,0
1614,52.119297846617734,79.2553650118052,11.403645303521648,32.12511187382659,827.2602139870286,71.66048978956876,2017,1,北京市,2017上半年,0
1597,36.997980966585,55.091310947077346,10.535341137823872,24.553711606992508,634.4228981169337,65.86024874769613,2017,1,浙江省,2017上半年,0
1588,23.78378347414235,35.722384792626734,6.552278673835126,24.256551971326164,532.0338581669225,64.93740495391704,2017,1,香港,2017上半年,0
1602,66.38655426258453,112.97177985415895,20.169682312445932,31.48270278351608,1143.8812979147906,75.3438964440207,2017,1,河南省,2017上半年,0
1587,38.62754194820024,53.49736758125564,10.949307995553376,11.763553406803522,749.089259714507,58.07149638404002,2017,1,广西壮族自治区,2017上半年,0
1604,7.408564876380062,8.376968849397123,0.8613158208650078,0.8263043951380201,146.05720540631552,84.09408526540591,2017,1,青海省,2017上半年,0
1609,54.141436431438215,89.64342735297454,18.773804697364106,29.799391776201826,934.3753207869976,72.43737189675947,2017,1,河北省,2017上半年,0
1613,40.873272418448686,65.1360946791723,18.253279644283637,21.44202689972467,778.1192134163663,71.13949238974477,2017,1,辽宁省,2017上半年,0
1594,26.380289466020916,38.70695361866413,6.732255399683587,9.862688222731622,450.77882799552987,73.85981418440888,2017,1,四川省,2017上半年,0
1595,5.432674506280527,6.273830998315019,0.5093519766975425,0.6135535139927364,140.11029732736924,90.35013912524913,2017,1,西藏自治区,2017上半年,0
1596,47.046650949749676,66.01099320667635,15.598381181017805,17.362281267423334,667.9474238351254,56.958291332778636,2017,1,重庆市,2017上半年,0
1591,33.227196823716405,51.175131386323784,12.422800052521254,11.107320780128383,625.8408957014948,60.67701291762466,2017,1,贵州省,2017上半年,0
1600,52.144638385293014,85.92464227819674,15.14913870240423,30.781281769596887,807.9044811595214,81.32681083182051,2017,1,江苏省,2017上半年,0
1585,32.068059269413496,46.8447233681386,8.965755812382119,19.255790033184905,762.631874850117,58.67907777761576,2017,1,广东省,2017上半年,0
1593,42.78903218230456,60.84078871002575,14.143987443876682,15.697622145243145,767.7819567663215,63.449261586744264,2017,1,江西省,2017上半年,0
1598,50.99750176062437,74.79425897915279,12.69953426746249,19.375258719987354,866.9987652641503,67.0329722870923,2017,1,湖北省,2017上半年,0
1610,21.364970617270625,27.562594969048288,1.9946674347684343,2.7064315390649996,268.8344493143374,71.0984830584428,2017,1,新疆维吾尔自治区,2017上半年,0
1590,26.450728725949322,39.63909516570109,9.993408668312073,14.650767240594035,618.7938579080298,63.68289913050315,2017,1,福建省,2017上半年,0
1615,33.383436452089065,46.6671971440799,12.014390542854672,14.198290374166035,653.500319800031,69.21240022268428,2017,1,吉林省,2017上半年,0
1603,40.61711999167947,60.19759839029697,11.916035980969449,37.14219830069124,685.297773724185,76.01367240570063,2017,1,上海市,2017上半年,0
1586,27.075520407236528,38.90432616698666,6.881978007860623,7.4293880423904,578.205005308908,71.62911656243465,2017,1,云南省,2017上半年,0
1607,61.63884332502042,111.08894889063374,23.608601333723456,33.42657719446425,1056.1336192182966,77.75612829144876,2017,1,山东省,2017上半年,0
1608,36.212455883367845,71.84434015950933,19.552806507268638,17.856362741267613,652.1419499543622,70.13391953293707,2017,1,宁夏回族自治区,2017上半年,0
1612,66.11688137333097,106.72584498454056,19.441826782760252,49.09123954763874,1288.515877939265,67.37399027383908,2017,1,天津市,2017上半年,0
1611,18.35109034822721,24.864385553837465,6.155892379426966,5.141731186414572,298.46624888926095,66.21442077862723,2017,1,内蒙古自治区,2017上半年,0
1616,20.00041191592783,28.39904361954527,5.382892678580704,7.636856258568663,412.3676093820756,63.63870892293628,2017,1,黑龙江省,2017上半年,0
1589,20.047341962879255,24.29948889019343,6.0713533531623725,15.383287140313286,223.95250814523467,63.39038121899674,2017,1,台湾省,2017上半年,0
1605,22.962979180058085,37.970252944051076,6.252492557806959,6.925039619153648,339.82096646459985,73.7428504786023,2017,1,甘肃省,2017上半年,0
1584,18.76072847810647,27.670148888393374,4.091777346679219,5.135817006920701,375.60072510447117,64.66356679054556,2017,1,海南省,2017上半年,0
1797,45.01950939044864,71.55890645277474,12.363837510093353,29.337147569172146,706.6017148533487,61.34976664168744,2017,7,安徽省,2017下半年,1
1790,39.116886685563244,60.33983092727112,12.132863476052224,16.684099794203263,864.1732230905467,57.74151639679753,2017,7,湖南省,2017下半年,1
1799,37.11413911834287,61.450168357900736,14.153405077262695,21.453842928861352,822.5180022470664,57.71880185857722,2017,7,陕西省,2017下半年,1
1804,46.86417639045178,77.99825718148287,25.00491137888639,26.948550780924396,1076.1473701758775,64.6745909498208,2017,7,山西省,2017下半年,1
1812,40.83890083632019,62.36812378036638,6.547981581043409,28.626844061131028,691.0210573476702,61.43050584926325,2017,7,北京市,2017下半年,1
1795,30.976015002445617,47.82534225782396,9.50771857384555,24.38654331946148,597.4323566909625,59.427031636637714,2017,7,浙江省,2017下半年,1
1786,22.503629928315416,34.677869175627244,7.6516845878136195,22.834670250896057,473.24731182795693,62.03189516129032,2017,7,香港,2017下半年,1
1800,51.270823828945744,86.64145842293904,14.270760924483994,30.77566408849339,981.9163959955504,64.77494926214311,2017,7,河南省,2017下半年,1
1785,33.470072307858615,48.813521491863696,11.373373602707934,12.21256483705438,688.0349994426034,54.96827736395297,2017,7,广西壮族自治区,2017下半年,1
1802,8.632940100635487,9.396579836860626,0.9659691789144472,0.9342504182383623,140.60611162180427,77.06760077930281,2017,7,青海省,2017下半年,1
1807,43.789718910565966,71.08580774365247,12.760040939626121,27.6665048161741,785.8289657244654,64.44684182602538,2017,7,河北省,2017下半年,1
1811,31.501977946186702,50.22901959692653,13.859975051658331,20.47708876922992,736.073418534953,61.393338089223484,2017,7,辽宁省,2017下半年,1
1792,22.92367056675732,33.71217865012459,6.757117507092218,9.259428365681885,415.95021708130804,65.59792458037371,2017,7,四川省,2017下半年,1
1793,6.945647491175653,7.699717775993153,0.600054596832088,0.7822835083216458,135.04319330181156,83.67850843097669,2017,7,西藏自治区,2017下半年,1
1794,37.93060163779371,54.717020320589405,15.036050761648744,16.317132452210274,604.8590999601753,53.07034927817603,2017,7,重庆市,2017下半年,1
1789,30.034786639173735,48.345316929833075,12.17271778921779,11.073801875608327,540.7521369295564,53.254010990252915,2017,7,贵州省,2017下半年,1
1798,41.595953665689144,68.80893180596284,12.704348936950147,30.85933597262952,719.0585288367547,63.839293246985996,2017,7,江苏省,2017下半年,1
1783,30.205462553876867,43.84549795154485,9.98139652239009,18.976532965836395,682.0371013111927,58.52716143550655,2017,7,广东省,2017下半年,1
1791,36.58279900763172,52.83645420232609,13.710578304440057,15.737976853680541,694.2314290590788,58.43915978592153,2017,7,江西省,2017下半年,1
1796,41.50971880772571,61.22277419795703,11.30508920675228,19.067040433898963,764.0127277616863,59.202281774215585,2017,7,湖北省,2017下半年,1
1808,23.22972823276719,28.652434110137353,1.7663550228562759,2.503137956738808,231.596598885992,68.27435628389219,2017,7,新疆维吾尔自治区,2017下半年,1
1788,23.228196521820838,35.17749982548696,9.37419721987301,13.183372142348945,508.86127891211254,60.29754588686186,2017,7,福建省,2017下半年,1
1813,26.159496123600366,37.223694655341994,9.305641358962013,12.53554990967413,552.5852828496064,58.64510810093454,2017,7,吉林省,2017下半年,1
1801,33.73286342592593,53.292856108124255,10.791959752090802,36.96223252688172,688.6031959378734,70.59181212664276,2017,7,上海市,2017下半年,1
1784,20.659851441400917,31.46600539429691,8.062321986089724,7.476798538639767,512.1893083514445,51.38987065831966,2017,7,云南省,2017下半年,1
1805,46.90045970675457,85.55459845430107,15.80169529249872,33.0055391411717,925.4461192182966,66.12778686635944,2017,7,山东省,2017下半年,1
1806,30.303443283465793,60.88386206950289,15.320780575035064,18.197184961820163,551.1497740377123,64.00659085242324,2017,7,宁夏回族自治区,2017下半年,1
1810,50.363422284256956,79.77973094154949,12.106796629445824,41.711962917011306,1078.2588916459883,58.893571167631656,2017,7,天津市,2017下半年,1
1809,17.267042677067852,23.222018966226894,6.190936070527347,5.556763568044803,279.08243762540104,61.48062197840519,2017,7,内蒙古自治区,2017下半年,1
1814,19.744018288011016,26.838346262044826,5.430114610929302,7.836564231241234,369.2393025037698,55.4302067692912,2017,7,黑龙江省,2017下半年,1
1787,13.34342112412392,17.296134362943178,5.671469248681597,14.960286772595486,177.74828208113595,56.81873424194689,2017,7,台湾省,2017下半年,1
1803,20.727613559885864,33.17442178919194,5.7069978136969866,7.184995177442428,319.5627730475176,68.3476394503669,2017,7,甘肃省,2017下半年,1
1782,16.933706890970054,24.04843336801942,5.378796196092033,5.772546699040352,358.87849462365585,58.31625974101052,2017,7,海南省,2017下半年,1
1995,51.11711816898907,79.46374982053958,10.919250495850209,26.150314057208252,721.3110022315335,76.13525602966304,2018,1,安徽省,2018上半年,0
1988,40.634358750131845,64.84256068886167,10.881161105482578,15.525738100429463,838.7684512128948,60.63802588634402,2018,1,湖南省,2018上半年,0
1997,41.78312108797921,73.46525983063358,13.802004328118054,20.709951339225668,754.0066910419133,67.82174435548865,2018,1,陕西省,2018上半年,0
2002,49.825960379045654,90.74405004859847,24.845696743382277,26.118060331117004,959.3617187779085,74.0117724072015,2018,1,山西省,2018上半年,0
2010,45.10736639678273,74.7005288036212,8.036245333034648,27.70073555996473,678.2922907066053,74.55008469875405,2018,1,北京市,2018上半年,0
1993,34.24085520211548,52.44874162477047,8.702043436587546,22.969574369323396,619.3775522886261,65.67030068780778,2018,1,浙江省,2018上半年,0
1984,23.010366039426525,34.330241679467484,6.0046125192012285,22.037471838197643,428.9284434203789,66.79473239887353,2018,1,香港,2018上半年,0
1998,59.92475754806929,104.3341282991684,13.766853325741124,27.80097437081766,927.7550218055335,79.34120775623708,2018,1,河南省,2018上半年,0
1983,38.113189689078844,55.122884175870944,10.11110905622371,11.799267711700937,742.1636588964126,61.04610115410063,2018,1,广西壮族自治区,2018上半年,0
2000,10.13794902032852,11.074775727885696,0.7763124461950497,0.7539640231570303,143.6270039173104,82.97674380608899,2018,1,青海省,2018上半年,0
2005,46.46748005387076,79.84790732789412,13.41947679050501,24.989398103025895,765.7596565701166,76.66569926399123,2018,1,河北省,2018上半年,0
2009,36.43451990616426,59.051925183663066,15.077972687760516,19.562983987302857,735.5674937539125,75.52175991301773,2018,1,辽宁省,2018上半年,0
1990,25.450860680826448,37.90469192317976,6.191292574303998,9.52417088124215,430.68322466700437,78.19010002173565,2018,1,四川省,2018上半年,0
1991,6.043213468549101,6.859504565479572,0.5045719213372823,0.5725591956881763,140.4066999565815,93.06261798961748,2018,1,西藏自治区,2018上半年,0
1992,42.060912883669,60.181292798472434,13.839810679083461,16.54375431494282,658.4310174517836,60.28602289710986,2018,1,重庆市,2018上半年,0
1987,33.815183282031214,53.13875416693849,11.339402044902045,10.550282368939053,592.7843213522939,63.99340545746535,2018,1,贵州省,2018上半年,0
1996,53.83900261834939,86.60111291602664,12.253305536354326,31.79921970977051,772.1832533282131,76.77979907339524,2018,1,江苏省,2018上半年,0
1981,32.179831643949264,46.58159458606363,8.459657503386545,18.408551454108252,675.5016427177922,62.86481386620391,2018,1,广东省,2018上半年,0
1989,37.52646638888018,56.24539888310675,11.642810184749784,15.104952415436221,764.4371410110383,62.87928294808963,2018,1,江西省,2018上半年,0
1994,46.97275372593589,71.37704988981534,10.519414094064135,18.231651372600513,789.5862072983249,69.12616782551082,2018,1,湖北省,2018上半年,0
2006,28.486830376079265,35.25791792931605,1.6923422036749771,2.1107794147358105,224.87863094124756,70.5963605314001,2018,1,新疆维吾尔自治区,2018上半年,0
1986,26.920935132687447,40.17376949080546,8.814101522482458,13.189280194591632,565.2892433804902,66.72693548363127,2018,1,福建省,2018上半年,0
2011,29.05144759850165,42.03690082421992,9.310713268409225,11.988008429435004,531.9773119808026,72.55263430396171,2018,1,吉林省,2018上半年,0
1999,41.367189164106506,61.472484431003586,10.792471352833248,36.67758421872333,655.6145406639358,74.54310466269841,2018,1,上海市,2018上半年,0
1982,26.889194255185426,40.992677287952205,6.441208497888357,7.280204890727621,533.3335516336927,73.95870025150553,2018,1,云南省,2018上半年,0
2003,52.71858487743216,98.90846844045639,16.494720299432498,29.99388697276626,889.3997351068562,82.43185229264196,2018,1,山东省,2018上半年,0
2004,36.20482617489259,81.63804733742958,13.983936356552904,15.843988031234,500.77189719272474,72.32819926033527,2018,1,宁夏回族自治区,2018上半年,0
2008,53.75641819045649,94.78124158592304,13.564659734530702,40.92228661526646,989.7893945212494,73.47920340255622,2018,1,天津市,2018上半年,0
2007,20.629681149661824,28.666730495360003,5.086194306577949,4.637585534629998,265.01458681930853,65.7923546893626,2018,1,内蒙古自治区,2018上半年,0
2012,19.819365403095944,27.889497708722924,5.384228119875033,7.452954347223148,363.24621048210975,65.78069031275973,2018,1,黑龙江省,2018上半年,0
1985,20.02541744368455,24.33256940490051,5.970706849824377,15.59310840581695,217.2513983060521,64.63776757462797,2018,1,台湾省,2018上半年,0
2001,25.45386481050667,44.301260301637846,5.1881622983184235,6.5958325653528505,320.52603620708754,72.91529787581942,2018,1,甘肃省,2018上半年,0
1980,17.527051335414498,25.771850586360113,3.622258241250021,5.044225247344863,342.5504294468394,58.967629856465656,2018,1,海南省,2018上半年,0
2193,40.07143806312194,62.817594833946195,9.705978050225683,24.91755507339828,636.709915593431,64.27900351161533,2018,7,安徽省,2018下半年,1
2186,32.93349242606809,51.13152732927096,10.331959494765188,14.50452102722408,773.887517548188,57.201067050336036,2018,7,湖南省,2018下半年,1
2195,33.512188486553214,56.233881431634586,12.237968117765277,19.242294474510828,659.2462100532493,59.263941054064105,2018,7,陕西省,2018下半年,1
2200,41.03646681462032,71.29292313963909,16.96215755761857,25.712894947695258,842.3844580936901,65.3064284482579,2018,7,山西省,2018下半年,1
2208,37.85270064217443,58.07922398944643,6.437055605336519,26.582151881720424,644.668682795699,59.6413708930705,2018,7,北京市,2018下半年,1
2191,25.531399004113442,40.49018892176438,7.840412711585799,21.265142671573937,552.9886579586731,54.788319750146336,2018,7,浙江省,2018下半年,1
2182,19.797778673835126,31.401068996415773,6.77883870967742,20.831525985663085,420.55107526881716,59.63215053763441,2018,7,香港,2018下半年,1
2196,51.8037549326412,86.14108486960822,12.18178366580151,28.931210451118528,828.3180224941292,67.12949539241133,2018,7,河南省,2018下半年,1
2181,29.087208250146105,43.96492465855232,10.91351154486705,10.245676010661478,628.346298717312,54.18391693607504,2018,7,广西壮族自治区,2018下半年,1
2198,9.5893371007071,10.274819025178829,0.9907467923318861,0.8890558408381438,137.76147851516973,79.19465822676327,2018,7,青海省,2018下半年,1
2203,40.0029251067757,66.22536523297491,11.195069692872318,25.809129995922138,684.0100272573136,63.03495476788358,2018,7,河北省,2018下半年,1
2207,27.632579143884374,45.169273661730735,11.0900546525735,18.523272711660656,639.3681950884423,54.1370345764571,2018,7,辽宁省,2018下半年,1
2188,22.351807093389368,31.26788561214248,6.4586358865312405,7.890511210142414,383.0702862524103,67.41197397035093,2018,7,四川省,2018下半年,1
2189,7.3683713723470765,8.023348653495882,0.6103123085107379,0.678738968379489,136.20092187306437,89.8638822776136,2018,7,西藏自治区,2018下半年,1
2190,35.257567866387895,50.550592975906,14.23021636300279,15.006352399442454,553.099059139785,53.99583793807247,2018,7,重庆市,2018下半年,1
2185,26.432693910500358,40.86025246905891,11.730980676529065,9.51640577905094,507.2059086736506,53.76549699469055,2018,7,贵州省,2018下半年,1
2194,37.21152390029326,59.9145877728902,9.735369191919192,25.978775105897682,614.0622841316391,65.38060879358098,2018,7,江苏省,2018下半年,1
2179,25.806535427158476,39.371836341363824,9.358750108887982,16.75109145909895,635.147629417903,56.06505345719342,2018,7,广东省,2018下半年,1
2187,28.445019545022316,44.30772532855436,11.190601397117987,13.188892582839586,676.0039816643504,59.40400649306318,2018,7,江西省,2018下半年,1
2192,38.211177128384186,58.34636980826798,10.647598050496635,17.199403622584615,682.745224333964,64.03539108219039,2018,7,湖北省,2018下半年,1
2204,27.108104072291535,32.35216092202938,1.618116412077856,2.107914654189876,199.2070954385196,68.19468449058421,2018,7,新疆维吾尔自治区,2018下半年,1
2184,20.25935497966252,31.771956237498824,8.439161917898327,11.526509776086343,502.81231122387345,57.072873286751786,2018,7,福建省,2018下半年,1
2209,19.538678046903616,29.67510634997058,7.23762351188639,10.46981257278537,433.68500960869756,53.25718730787747,2018,7,吉林省,2018下半年,1
2197,26.834493876941455,42.2508519265233,8.235715800477898,31.102910394265226,541.4929062126643,59.16206996714457,2018,7,上海市,2018下半年,1
2180,19.19348251500117,29.213489452185282,7.722467014317907,5.942868350853182,425.9175859570864,55.39771376749607,2018,7,云南省,2018下半年,1
2201,43.85362205314474,82.11348699116745,12.631556078255676,31.2792556483615,742.1751338752347,64.4109739343318,2018,7,山东省,2018下半年,1
2202,28.745328050490883,55.133003140096626,12.134023320866447,15.298113947327414,490.2079788062958,64.26448041919899,2018,7,宁夏回族自治区,2018下半年,1
2206,46.50744685690654,75.2354826647367,11.655895747173973,40.018727150537636,930.7774331403365,55.49831003584231,2018,7,天津市,2018下半年,1
2205,16.73518281666342,22.3076137585771,6.123085122827468,5.1162709007254445,268.691952639824,62.43149103418538,2018,7,内蒙古自治区,2018下半年,1
2210,15.160243820126226,22.275098724579248,4.830649953249183,6.5994940279076415,320.35675257129805,52.81516607578826,2018,7,黑龙江省,2018下半年,1
2183,16.764679873524646,20.836491712896375,6.375404641234618,15.804460345181838,196.82072004200623,59.75083808186653,2018,7,台湾省,2018下半年,1
2199,21.903432497654098,33.28890190767917,5.499164857246142,6.224031743696831,296.53996492685314,69.28515720999279,2018,7,甘肃省,2018下半年,1
2178,17.07455495432998,25.689744305700085,5.45409447334952,5.2912590935368256,354.2365822638455,61.242067441322696,2018,7,海南省,2018下半年,1
